variable,count,mean,std,min,25%,50%,75%,max,original
dummy1,1000.0,-9.588363198387385e-05,0.010659065770468377,-0.031854799074882,-0.0071994242307802,-0.000269016544751,0.007081878221257475,0.0353222612287044,-0.0087290240564883
dummy2,1000.0,-0.00022970520072450613,0.010386015122383876,-0.0311134409324703,-0.007397078625667901,-9.692543939779953e-05,0.006464480013843201,0.0275011591977342,-0.0088480257942824
x1,1000.0,-0.020400789875787674,2.9925714939084993,-8.748164611902773,-2.035172060228885,-0.0658628698157771,1.9082132335014785,28.20384837580852,28.20384837580852
x2,1000.0,0.19977233208594414,8.024164857749042,-22.281771648230738,-5.1111298870429795,-0.0169148268207155,5.567542908284473,75.0494135619258,75.0494135619258
x3,1000.0,-0.009356640201542128,1.9340607210137108,-6.202044459328135,-1.2367646826984042,-0.10009305547837449,1.1916163581372057,17.75393448373547,17.75393448373547
